IDENTIFIER,RESTAURANT_IDENTIFIER,DISHES_IDS,PAYMENT_METHOD,AMOUNT,CREATED_AT
3,7,[3],cash,4,2022-04-09 17:54:07
40,7,"[9, 18]",card,16,2022-05-01 20:56:59
41,13,"[23, 3]",online,9.0,2023-06-10 12:00:28
42,8,"[73, 70, 81]",voucher,47.47,2023-12-08 11:29:38
43,12,"[65, 83]",cash,13.22,2023-11-03 08:05:36
44,3,[50],online,5.93,2025-02-04 22:53:09
45,3,"[74, 67, 83, 23, 61]",cash,63.96,2024-07-01 02:19:20
46,17,"[69, 58, 71, 48, 70]",voucher,56.46,2024-05-20 08:23:45
47,14,"[38, 22, 70, 59, 84]",cash,72.44,2024-01-11 09:48:25
48,9,"[3, 30, 40, 72]",card,42.6,2024-05-18 11:51:14
49,3,[78],online,10.25,2024-02-05 16:21:49
50,17,"[76, 34, 28, 41, 84]",voucher,56.23,2025-01-26 08:36:23
51,9,"[50, 80]",cash,8.17,2023-12-02 01:15:07
52,3,[77],voucher,17.38,2024-12-27 01:39:28
53,12,"[3, 34]",online,21.07,2024-12-24 22:59:11
54,10,[37],voucher,19.31,2023-05-03 17:48:19
55,20,"[64, 67, 44]",online,51.35,2023-12-16 17:21:53
56,16,[87],cash,3.46,2024-02-07 21:31:29
57,16,[21],voucher,16.34,2024-12-12 07:41:43
58,15,"[42, 74]",online,21.19,2023-07-25 01:19:38
59,19,"[49, 55, 69]",online,25.3,2024-12-16 10:35:44
60,18,"[52, 49, 77]",online,31.74,2023-08-31 10:19:34
61,19,[48],voucher,5.57,2024-07-28 19:35:24
62,8,"[38, 20]",cash,34.87,2023-09-06 06:05:19
63,18,"[68, 24]",card,10.7,2024-08-19 11:23:47
64,17,"[27, 42, 56]",online,21.7,2023-12-24 23:05:29
65,14,"[51, 71, 26, 74]",cash,39.94,2023-10-28 12:40:31
66,12,[83],cash,7.75,2024-06-24 23:52:54
67,15,[33],cash,20.6,2025-01-05 03:25:24
68,15,"[37, 30, 44]",voucher,52.78,2023-11-26 05:08:16
69,20,"[63, 89]",cash,22.63,2024-04-29 06:28:05
70,12,"[44, 38, 75]",voucher,55.27,2024-07-08 08:35:49
71,8,"[47, 25, 45]",card,37.92,2023-12-07 17:25:42
72,3,"[59, 50, 72, 21, 89]",voucher,52.93,2023-12-21 13:16:44
73,14,"[75, 53, 60, 38, 85]",card,65.59,2024-02-16 08:59:33
74,12,[85],cash,8.44,2024-02-29 04:08:24
75,18,"[55, 69, 36, 9, 67]",cash,54.32,2025-02-26 21:17:46
76,17,[24],voucher,6.69,2024-11-13 03:32:52
77,11,"[86, 88, 36, 49]",cash,30.13,2024-04-24 12:48:04
78,11,"[90, 83, 85, 3]",cash,30.03,2024-05-26 03:48:44
79,20,"[22, 80]",card,11.05,2023-09-27 00:32:53
80,20,"[76, 26, 76, 61]",cash,52.48,2024-01-09 17:16:11
81,8,"[19, 18, 37, 88, 71]",online,43.4,2024-10-18 02:38:17
82,10,"[41, 44, 90, 23, 80]",voucher,50.37,2025-04-06 10:17:39
83,17,"[56, 25]",voucher,10.01,2024-08-07 05:38:28
84,14,[81],cash,20.0,2024-11-09 21:58:04
85,18,"[61, 20]",card,34.19,2024-11-12 11:33:29
86,10,"[72, 29, 72, 50]",voucher,24.36,2024-05-29 21:29:24
87,7,"[82, 22]",cash,16.18,2023-07-11 11:47:23
88,19,"[77, 61, 81]",cash,56.45,2023-11-18 15:11:22
89,14,[46],voucher,12.94,2024-04-02 03:08:16
90,18,[64],card,7.52,2024-08-03 14:11:33
91,20,"[90, 22, 24]",online,25.34,2024-09-28 15:18:09
92,20,"[39, 22]",voucher,20.0,2023-04-25 21:38:34
93,11,"[64, 52, 43, 37]",card,52.17,2023-09-02 07:45:52
94,7,"[34, 89, 74, 53, 49]",voucher,62.52,2023-07-12 19:22:45
95,9,"[50, 69, 40, 52, 24]",voucher,53.22,2024-12-07 00:10:47
96,3,"[40, 88, 21]",card,42.47,2023-11-09 11:15:40
97,14,"[25, 77, 54]",cash,31.6,2023-06-14 04:58:42
98,16,"[43, 37, 76]",online,49.21,2024-03-15 07:50:10
99,14,"[88, 32]",cash,17.87,2024-11-01 22:25:20
100,18,"[45, 48, 64, 47]",online,46.56,2025-02-09 05:51:30
101,20,"[30, 25, 33, 52, 66]",voucher,51.76,2024-01-14 13:45:16
102,20,"[78, 79, 42, 52, 74]",card,55.26,2025-03-17 14:14:48
103,9,"[58, 18, 60]",voucher,24.58,2025-01-04 13:49:22
104,14,[82],card,7.37,2023-11-06 02:54:30
105,16,"[20, 59, 27, 19, 39]",card,50.44,2024-05-23 03:05:56
106,18,[84],cash,7.86,2024-11-09 03:44:12
107,12,"[35, 58]",card,16.0,2023-11-19 01:08:41
108,19,"[68, 18, 41]",voucher,18.55,2023-11-27 15:24:12
109,19,"[27, 43]",voucher,26.24,2025-03-16 14:14:42
110,14,"[66, 27, 65, 26]",cash,34.43,2025-04-19 06:40:47
111,15,"[30, 67, 81, 42, 90]",card,65.77,2023-08-25 01:00:50
112,20,"[89, 44, 27]",card,44.31,2025-03-15 11:16:24
113,12,"[82, 88, 23, 81]",voucher,36.57,2024-01-26 19:48:05
114,14,"[34, 25, 32, 63]",cash,46.27,2024-12-10 06:14:45
115,9,"[46, 60, 56, 44]",online,56.29,2023-10-07 02:57:34
116,16,"[76, 26]",cash,21.74,2024-02-05 09:24:47
117,17,"[37, 62, 64, 45]",cash,59.16,2024-07-09 04:19:31
118,18,"[73, 65, 69]",card,19.64,2024-04-22 02:22:10
119,7,"[71, 28, 30, 35, 27]",online,47.21,2023-04-24 04:18:35
120,19,"[89, 58, 32, 82]",online,38.13,2025-03-10 21:53:28
121,18,"[55, 78, 78, 22, 25]",card,40.25,2024-02-10 21:01:41
122,10,"[52, 32, 64]",online,28.3,2024-11-03 12:23:15
123,20,"[74, 28]",card,24.15,2023-10-03 07:44:15
124,18,"[42, 21, 37]",online,43.78,2024-06-18 02:45:21
125,12,[62],online,10.57,2023-08-27 23:17:07
126,17,"[81, 26, 74]",online,43.13,2023-11-19 19:58:54
127,3,"[43, 48, 69, 83, 84]",voucher,50.97,2025-01-02 00:18:31
128,17,"[54, 74, 32, 46]",cash,49.44,2025-04-02 12:44:26
129,18,"[78, 62, 34, 43]",voucher,56.12,2024-11-16 08:21:16
130,14,"[63, 46, 60]",cash,37.06,2024-02-08 21:23:06
131,11,"[42, 80, 23, 65]",card,20.84,2023-08-13 05:22:03
132,11,"[73, 49]",cash,9.86,2024-04-30 13:21:08
133,15,"[3, 56]",cash,9.56,2024-02-02 06:20:32
134,14,"[32, 86, 34, 61]",voucher,61.3,2023-06-23 17:31:03
135,14,"[86, 46, 31, 26]",card,51.97,2025-03-03 21:29:24
136,16,"[89, 41]",online,20.09,2023-07-25 08:08:26
137,13,"[26, 41, 47, 42, 86]",voucher,49.94,2024-04-06 17:44:11
138,20,[40],voucher,21.93,2024-05-08 02:23:39
139,20,"[32, 41, 27]",cash,30.22,2024-08-29 17:01:51
140,10,"[61, 78, 42, 20]",voucher,52.57,2024-04-02 04:04:14
141,15,"[89, 21, 22, 18, 33]",online,63.3,2024-08-07 10:18:28
142,12,"[44, 79, 58, 40]",online,68.93,2023-12-29 08:38:55
143,12,"[48, 65]",voucher,11.04,2023-07-19 16:47:02
144,14,"[51, 73, 42, 56, 73]",online,26.79,2023-07-20 14:28:22
145,9,"[28, 83, 53, 78, 31]",voucher,60.15,2024-04-16 05:15:11
146,12,"[90, 75, 24, 58, 33]",cash,53.44,2023-11-02 16:36:49
147,3,"[60, 71, 49, 58]",card,34.76,2024-10-07 06:50:05
148,12,"[29, 23, 66, 49, 88]",card,29.86,2023-07-10 02:26:10
149,14,[32],online,13.67,2023-09-20 03:15:28
150,12,"[25, 73]",online,7.06,2023-11-04 22:17:06
151,12,[34],voucher,17.07,2024-02-03 21:10:58
152,14,"[85, 41, 61]",card,36.05,2024-05-22 07:36:26
153,20,[51],online,7.88,2024-11-28 00:24:51
154,17,"[44, 71, 47, 31]",cash,62.86,2024-05-22 18:48:50
155,10,[35],voucher,10.46,2024-07-10 15:50:58
156,11,"[52, 25]",voucher,11.56,2023-11-30 19:34:01
157,8,[88],card,4.2,2025-04-21 06:02:44
158,12,[85],card,8.44,2023-06-11 05:48:25
159,20,"[29, 65, 69, 3]",card,23.56,2024-07-23 12:20:38
160,19,[34],card,17.07,2023-07-17 02:00:53
161,19,"[46, 41]",cash,21.48,2024-07-19 12:57:32
162,7,"[36, 84, 57, 29, 70]",online,51.25,2025-03-28 16:02:31
163,17,"[21, 80, 72, 89, 39]",cash,49.27,2023-10-02 20:08:01
164,8,"[33, 70, 86, 71, 44]",online,90.63,2024-08-30 02:47:51
165,9,"[56, 84, 23, 28]",card,29.51,2024-09-02 19:41:02
166,9,"[34, 44, 29]",cash,44.35,2023-05-02 04:21:30
167,19,"[43, 55, 55, 78, 86]",online,52.95,2023-09-13 21:16:34
168,15,"[49, 90]",voucher,17.09,2023-11-28 01:46:08
169,17,"[82, 25, 47, 61, 62]",cash,53.17,2025-02-24 14:30:13
170,13,"[20, 31]",online,32.59,2023-05-30 13:22:39
171,18,"[83, 71, 85, 45]",cash,46.88,2023-11-13 05:40:43
172,17,"[80, 78, 58, 58, 67]",cash,42.65,2023-10-09 02:24:16
173,7,"[34, 59, 23, 61, 3]",online,56.3,2024-03-15 03:07:31
174,19,"[53, 62]",card,24.16,2024-03-26 05:01:11
175,18,"[84, 88, 22, 30]",cash,29.59,2024-09-26 21:08:53
176,13,"[21, 34]",voucher,33.41,2024-04-13 11:08:07
177,8,"[23, 28, 62, 85, 81]",cash,55.1,2024-04-29 10:17:38
178,18,"[58, 42, 62, 28, 88]",cash,39.53,2024-11-20 01:07:20
179,17,"[31, 83, 55]",cash,31.71,2023-05-02 02:43:43
180,7,"[61, 30]",voucher,27.79,2024-04-30 08:38:59
181,17,[28],cash,11.09,2024-11-22 22:48:38
182,7,[80],online,2.24,2024-03-04 19:25:40
183,20,[43],online,18.23,2025-02-07 23:53:15
184,20,"[42, 38, 23, 29, 38]",card,55.16,2024-07-22 03:59:32
185,10,[61],voucher,19.07,2025-01-28 14:26:27
186,14,"[60, 36, 46]",cash,33.17,2023-06-13 21:02:31
187,3,"[88, 24, 51, 28]",card,29.86,2024-04-21 18:13:52
188,3,"[21, 31, 53, 76]",online,59.07,2024-11-09 16:11:56
189,19,"[90, 38, 78, 87, 68]",voucher,47.31,2024-06-15 03:05:25
190,12,"[57, 35]",card,19.27,2024-08-08 16:07:05
191,14,"[60, 78]",online,23.29,2025-03-07 06:59:17
192,12,"[78, 52, 66, 41]",cash,36.78,2024-11-06 05:28:28
193,8,[40],voucher,21.93,2023-05-27 10:18:41
194,10,"[77, 74, 23, 42]",online,43.57,2023-11-13 19:39:46
195,11,"[85, 36, 80]",cash,17.87,2024-07-16 00:21:31
196,19,[59],voucher,11.16,2025-04-19 05:35:52
197,8,"[84, 51, 82, 81, 27]",voucher,51.12,2024-01-16 11:15:51
198,3,"[79, 67, 75]",online,46.56,2025-01-27 05:29:00
199,14,"[20, 87, 23]",cash,23.58,2024-12-25 00:59:53
200,18,"[46, 78, 41]",cash,31.73,2024-11-17 13:16:58
201,8,[22],online,8.81,2024-12-13 00:03:35
202,9,"[25, 37, 82, 25]",voucher,35.58,2023-08-18 07:34:33
203,15,"[19, 67]",online,24.04,2024-08-24 19:12:26
204,20,"[89, 61]",voucher,30.62,2025-02-17 08:42:38
205,9,"[3, 37, 35, 50]",cash,39.7,2024-07-22 07:59:37
206,17,"[51, 27]",card,15.89,2023-09-29 07:56:12
207,3,"[26, 55, 44, 82]",card,48.68,2024-12-07 09:07:49
208,9,"[19, 19, 19, 52]",voucher,21.99,2024-07-18 22:40:58
209,19,"[79, 34, 88]",cash,37.98,2023-07-16 14:17:59
210,17,"[37, 40, 79, 3, 24]",online,68.64,2024-06-25 03:20:33
211,7,"[44, 50, 20, 21, 46]",online,75.08,2025-01-21 19:54:38
212,19,"[71, 51, 22]",card,25.62,2023-06-05 10:32:56
213,13,[60],cash,13.04,2024-12-30 05:26:30
214,8,"[88, 59, 66, 20, 61]",voucher,60.43,2023-11-10 17:13:42
215,19,"[29, 30, 39, 41, 52]",card,38.09,2025-04-01 10:56:20
216,13,"[73, 26, 26, 36]",online,29.94,2025-02-17 15:29:29
217,3,[64],cash,7.52,2024-12-18 23:46:19
218,19,"[67, 53, 30, 87, 83]",voucher,52.6,2023-09-28 15:09:33
219,20,[18],voucher,6,2023-10-14 03:18:27
220,8,"[87, 30, 9, 40]",online,44.11,2023-08-18 10:00:18
221,10,"[39, 47, 84, 87]",cash,34.22,2023-10-06 02:08:21
222,7,[29],online,2.53,2025-02-13 21:44:51
223,3,"[86, 82, 52, 56, 54]",voucher,41.3,2024-03-11 23:13:56
224,17,"[32, 47, 26, 40]",voucher,57.38,2023-12-16 14:13:26
225,16,"[69, 38, 82, 84, 37]",cash,65.85,2024-09-17 20:26:09
226,12,"[35, 21, 64, 85]",online,42.76,2024-02-06 23:04:44
227,17,"[35, 64]",online,17.98,2024-12-17 06:52:14
228,7,"[45, 19, 77, 90, 45]",cash,75.7,2023-06-03 23:24:08
229,11,"[59, 61, 21, 46]",voucher,59.51,2024-05-09 15:51:43
230,13,[32],cash,13.67,2023-11-25 15:37:02
231,14,"[71, 47, 79, 32]",card,51.02,2024-04-05 00:41:44
232,18,"[62, 40, 67]",online,51.58,2024-11-04 00:07:22
233,14,"[28, 50, 35, 26]",online,37.55,2024-11-15 07:21:35
234,20,"[9, 74, 23, 26]",cash,38.13,2024-05-13 15:58:24
235,16,"[58, 66]",online,16.42,2023-09-02 03:46:26
236,18,[42],online,8.13,2025-01-04 16:39:48
237,8,"[83, 84, 35, 58]",cash,31.61,2024-12-29 02:45:17
238,20,"[57, 19, 43, 25]",card,36.45,2024-12-20 07:50:05
239,20,"[46, 29, 47, 26]",cash,37.25,2025-04-15 17:11:06
240,16,"[30, 89]",voucher,20.27,2025-02-09 06:19:25
241,12,"[43, 32]",card,31.9,2023-11-04 10:52:15
242,12,"[81, 57, 39]",online,40.0,2024-12-16 21:30:04
243,18,"[44, 75, 79, 42, 23]",card,65.36,2024-06-14 17:02:25
244,16,"[90, 68]",card,13.85,2023-11-04 15:55:31
245,19,[28],cash,11.09,2024-10-30 18:30:24
246,18,"[62, 51, 78, 62, 42]",card,47.4,2023-05-25 22:20:40
247,15,"[33, 73, 3]",online,27.21,2024-05-28 10:12:46
248,10,"[88, 46, 82]",cash,24.51,2024-10-16 22:37:27
249,7,"[62, 52, 41, 23, 88]",cash,35.42,2024-01-30 19:14:26
250,3,"[65, 84]",online,13.33,2024-02-10 19:48:18
251,7,"[76, 34, 38]",cash,48.49,2023-12-12 23:40:58
252,12,[3],cash,4,2023-07-21 11:58:16
253,20,"[36, 81, 50, 29]",voucher,35.65,2024-05-11 16:35:32
254,20,[35],card,10.46,2025-01-19 15:07:59
255,18,"[36, 24, 21, 20]",card,45.34,2024-05-06 18:59:16
256,10,"[28, 82]",voucher,18.46,2024-10-04 11:43:51
257,8,"[79, 71, 35, 42, 74]",online,57.29,2024-04-04 04:54:03
258,18,[81],online,20.0,2023-06-20 09:26:51
259,20,"[85, 58, 90, 34, 39]",cash,52.08,2024-11-18 16:21:47
260,18,"[56, 58]",card,11.1,2023-08-30 13:25:36
261,19,"[9, 27, 9, 3, 25]",voucher,36.46,2023-11-05 04:22:20
262,13,"[21, 64, 76, 47]",card,47.24,2023-10-05 14:15:50
263,8,"[82, 89]",voucher,18.92,2023-09-18 22:30:14
264,15,"[66, 56, 36]",online,23.63,2025-02-12 19:15:16
265,14,[26],card,10.07,2024-04-22 18:52:12
266,15,"[78, 80, 81, 33]",card,53.09,2024-04-12 08:56:38
267,11,[39],cash,11.19,2023-08-22 18:23:05
268,16,"[20, 79, 39]",cash,43.02,2023-06-05 18:21:52
269,17,"[29, 63, 67]",online,32.69,2024-04-22 07:27:52
270,9,"[51, 77, 84, 61]",voucher,52.19,2023-10-16 08:01:30
271,3,[89],voucher,11.55,2024-10-27 22:35:16
272,20,[49],voucher,7.25,2023-06-07 22:38:41
273,9,"[62, 61, 67, 69]",online,60.28,2024-04-10 02:22:33
274,7,"[65, 40, 83, 24]",online,41.84,2024-01-13 23:05:39
275,16,"[45, 58]",voucher,27.3,2025-01-21 13:51:37
276,7,"[63, 62, 51]",online,29.53,2024-12-20 12:25:31
277,8,"[28, 59, 25, 73]",card,29.31,2023-11-09 06:54:23
278,15,[81],card,20.0,2024-12-03 14:54:17
279,17,[58],voucher,5.54,2023-08-09 11:29:54
280,19,"[27, 29, 89, 56, 89]",card,39.2,2024-06-20 07:26:51
281,12,"[49, 35]",online,17.71,2023-10-22 23:49:49
282,7,[59],card,11.16,2024-04-09 11:59:57
283,9,"[26, 46, 41, 23, 89]",cash,48.1,2024-11-17 21:48:23
284,15,"[28, 54, 68, 27]",cash,32.88,2024-02-06 10:42:18
285,14,"[84, 46]",online,20.8,2023-05-27 11:30:43
286,12,"[19, 31]",online,22.43,2023-12-03 03:50:19
287,14,[18],card,6,2024-12-11 02:28:43
288,18,"[68, 69, 66, 86, 84]",online,45.8,2024-10-18 20:24:54
289,16,"[74, 82]",card,20.43,2023-09-09 10:18:05
290,20,"[38, 25]",card,24.2,2024-06-20 07:01:48
291,19,"[43, 40, 24]",cash,46.85,2025-04-15 13:03:30
292,19,"[68, 66, 90, 26, 77]",voucher,52.18,2023-12-21 00:53:29
293,3,"[20, 40, 61, 52, 42]",online,71.36,2024-02-04 18:43:49
294,15,"[79, 43]",online,34.94,2023-07-16 11:39:43
295,12,"[30, 90]",card,18.56,2024-02-23 13:45:54
296,7,"[67, 73, 52, 65]",cash,34.27,2025-01-13 23:33:18
297,16,"[26, 80]",card,12.31,2024-10-15 19:09:29
298,11,[70],card,24.86,2024-06-03 10:45:57
299,10,"[44, 54, 25, 63, 23]",online,55.05,2025-01-18 09:28:36
300,14,"[82, 41, 38]",card,35.66,2025-04-01 09:05:28
301,18,[23],voucher,5.0,2023-09-17 10:35:27
302,17,"[48, 68, 48]",card,15.15,2024-04-27 13:38:02
303,18,"[87, 87, 84]",online,14.78,2024-02-16 20:44:59
304,18,"[21, 46, 29, 67, 60]",card,63.93,2023-06-29 12:30:11
305,9,[23],card,5.0,2023-08-07 17:49:18
306,8,"[24, 65, 23]",online,17.16,2025-01-07 04:34:16
307,18,"[70, 46, 59, 27, 64]",online,64.49,2025-01-06 23:27:25
308,18,"[88, 61, 74, 89]",card,47.88,2024-07-24 05:30:59
309,15,"[42, 9, 90]",cash,27.97,2025-01-02 12:42:48
310,10,"[87, 27, 88]",cash,15.67,2024-12-15 08:55:35
311,11,"[66, 60, 77, 27, 58]",card,54.85,2023-12-18 09:43:30
312,14,"[24, 86, 71, 18]",online,33.11,2024-11-28 12:57:02
313,12,"[35, 40, 80, 56, 80]",card,42.43,2025-02-02 10:36:35
314,10,"[28, 35]",online,21.55,2024-05-14 04:21:38
315,11,"[61, 70, 67]",cash,63.01,2025-03-29 10:24:12
316,18,"[89, 87, 43, 34]",cash,50.31,2023-08-08 10:54:03
317,18,[83],card,7.75,2023-08-18 17:10:39
318,19,"[66, 39, 43, 42]",card,48.43,2024-11-18 12:56:30
319,15,"[21, 90, 82]",card,33.55,2024-02-21 05:30:16
320,7,"[75, 70, 90, 89]",card,57.02,2024-05-04 13:37:17
321,12,"[40, 35, 89, 36]",cash,51.13,2024-10-20 01:47:41
322,3,"[57, 77]",cash,26.19,2023-09-10 04:24:12
323,18,"[83, 28]",voucher,18.84,2023-08-25 07:09:25
324,18,"[47, 69]",voucher,23.27,2025-04-07 05:16:05
325,12,"[88, 42]",online,12.33,2024-08-28 12:17:00
326,18,[54],cash,9.77,2025-04-10 10:18:04
327,9,"[34, 53, 64]",cash,38.18,2024-02-25 08:02:13
328,8,"[69, 55, 9, 42, 61]",voucher,55.25,2023-12-07 00:34:51
329,19,"[84, 32, 21, 58, 65]",voucher,48.88,2025-03-13 20:52:50
330,3,"[32, 64]",online,21.19,2024-12-14 07:47:23
331,20,"[78, 69, 73, 40, 35]",online,56.81,2023-08-28 22:56:13
332,17,"[70, 53, 87, 52]",card,49.02,2023-12-05 03:07:56
333,13,[62],cash,10.57,2025-02-15 11:14:26
334,13,[58],cash,5.54,2023-06-09 23:41:25
335,14,[43],voucher,18.23,2024-04-01 09:44:15
336,16,"[51, 72]",cash,15.83,2023-12-13 19:47:13
337,15,[53],card,13.59,2023-05-26 18:49:55
338,3,[60],card,13.04,2024-12-21 09:18:05
339,12,"[79, 87, 27, 83]",card,35.93,2023-05-04 11:40:30
340,7,"[37, 69]",cash,30.87,2024-04-05 04:50:03
341,7,"[50, 90, 55]",cash,22.26,2025-03-31 15:58:26
342,17,"[45, 71, 82, 87, 18]",cash,47.52,2023-09-22 23:29:45
343,13,"[66, 75]",voucher,21.65,2023-06-29 23:34:09
344,7,"[22, 64, 88, 61]",online,39.6,2024-05-04 22:17:31
345,18,"[90, 63, 73, 73]",cash,26.14,2025-03-31 20:49:18
346,20,"[78, 38]",cash,30.0,2023-09-14 02:06:54
347,10,"[33, 60, 30, 42, 46]",online,63.43,2023-06-02 10:34:02
348,19,"[20, 88, 43, 24, 37]",card,63.55,2023-05-02 12:03:33
349,11,"[22, 21, 37]",voucher,44.46,2023-08-06 15:11:30
350,9,"[73, 90, 63]",cash,23.53,2025-01-30 05:43:38
351,7,"[9, 47, 9, 38]",card,51.46,2023-06-02 00:11:01
352,18,"[77, 89, 89]",voucher,40.48,2023-06-15 11:36:02
353,17,"[84, 48, 35]",online,23.89,2023-09-03 18:33:12
354,16,"[26, 20]",voucher,25.19,2024-04-07 03:10:03
355,16,"[46, 53, 29]",online,29.06,2024-05-31 02:57:07
356,13,"[76, 27, 82, 32]",online,40.72,2023-07-20 03:02:40
357,12,[61],online,19.07,2023-12-14 18:20:20
358,9,"[9, 76, 59, 36, 68]",online,44.03,2024-02-25 07:26:37
359,15,"[54, 38, 48, 26]",voucher,45.16,2024-12-10 21:56:48
360,13,"[25, 29, 52, 61]",online,33.16,2025-02-05 07:02:56
361,13,"[57, 82, 78, 33, 18]",voucher,53.03,2024-02-23 02:40:25
362,11,"[86, 28, 25, 9]",card,37.03,2024-06-17 10:26:32
363,10,"[85, 59, 80]",cash,21.84,2023-12-29 19:50:56
364,9,"[51, 84]",voucher,15.74,2023-08-24 04:48:05
365,13,"[31, 3, 84]",voucher,29.33,2023-06-18 12:22:46
366,7,"[69, 38, 41, 49, 35]",cash,57.56,2024-12-16 03:12:08
367,19,"[44, 23, 23, 20]",card,49.87,2025-02-01 04:13:32
368,12,[23],online,5.0,2023-08-27 21:12:54
369,3,[52],cash,7.11,2024-12-07 04:31:10
370,18,"[85, 71]",card,17.37,2023-11-15 14:45:01
371,12,"[89, 61]",card,30.62,2024-12-31 09:18:09
372,17,[24],online,6.69,2025-03-01 17:51:22
373,14,"[89, 82]",cash,18.92,2024-07-31 13:10:54
374,18,"[27, 40, 63, 38, 50]",cash,66.7,2024-04-07 14:36:46
375,10,[45],card,21.76,2024-11-20 20:53:13
376,8,"[40, 59, 38]",voucher,52.84,2024-09-22 20:38:50
377,19,"[48, 53, 31, 56]",online,42.19,2024-07-14 18:27:36
378,3,"[54, 21, 75, 19, 85]",card,50.28,2024-04-12 01:29:11
379,12,"[19, 58, 31, 87]",card,31.43,2024-10-10 08:12:25
380,10,"[80, 19, 26, 70, 80]",card,44.37,2024-08-10 17:43:02
381,9,[9],online,10,2025-01-03 20:31:04
382,15,"[66, 39, 82, 86, 73]",card,43.54,2024-07-13 21:39:59
383,18,[48],online,5.57,2024-07-03 05:09:44
384,14,"[24, 21, 35]",voucher,33.49,2023-11-19 17:47:01
385,3,[60],online,13.04,2024-08-28 20:16:01
386,7,"[88, 59, 81, 37]",cash,54.67,2024-04-14 10:49:38
387,10,"[77, 81, 21, 79]",voucher,70.43,2024-08-23 23:13:33
388,3,[48],card,5.57,2023-11-11 03:54:10
389,15,"[68, 78, 29]",voucher,16.79,2025-01-03 22:56:21
390,20,"[29, 65]",card,8.0,2024-10-21 12:21:04
391,19,"[40, 66, 79, 88]",online,53.72,2023-06-20 23:42:27
392,17,[22],cash,8.81,2023-07-25 06:15:12
393,10,"[23, 32, 85]",cash,27.11,2024-01-11 11:35:15
394,12,"[70, 30, 85, 73, 64]",online,52.15,2023-10-02 13:28:11
395,3,"[65, 43, 90, 30, 26]",voucher,52.33,2023-11-02 09:53:42
396,11,[89],online,11.55,2024-01-19 21:31:35
397,10,"[64, 70]",cash,32.38,2023-05-29 09:19:27
398,9,"[39, 86, 31, 86, 48]",cash,57.21,2023-06-19 00:32:10
399,3,[58],card,5.54,2023-12-03 13:12:14
400,9,"[57, 20]",card,23.93,2025-02-10 06:06:37
401,18,"[37, 65, 56, 27]",online,38.35,2025-01-18 22:19:45
402,14,[32],card,13.67,2024-03-19 19:38:22
403,19,"[58, 57, 51, 87, 84]",card,33.55,2024-05-03 23:25:23
404,16,[74],cash,13.06,2024-01-10 13:08:42
405,17,[59],cash,11.16,2024-12-15 22:16:00
406,12,"[89, 9, 35, 3, 35]",card,46.47,2024-08-11 21:44:02
407,17,[31],card,17.47,2024-11-23 18:49:15
408,10,"[85, 47, 83]",voucher,27.9,2024-04-14 02:08:26
409,3,"[81, 40, 48, 72, 68]",voucher,59.46,2024-05-21 15:24:12
410,11,"[73, 32, 34, 88, 55]",online,44.04,2023-11-03 22:10:20
411,19,"[88, 9, 78, 49, 90]",online,41.54,2023-05-11 14:56:06
412,3,"[54, 20]",card,24.89,2024-10-07 15:04:57
413,14,"[34, 65, 68]",cash,26.55,2024-11-02 22:24:47
414,18,"[21, 74, 55, 83]",online,43.64,2024-07-30 15:08:29
415,18,"[24, 66, 80, 33]",online,40.41,2023-09-09 08:30:58
416,12,"[49, 56]",online,12.81,2025-01-13 09:40:33
417,19,[52],card,7.11,2023-07-10 01:46:51
418,19,[21],cash,16.34,2023-05-28 08:05:43
419,18,"[34, 68, 55, 38, 51]",card,55.2,2024-02-25 13:24:55
420,19,[9],card,10,2023-06-11 04:27:31
421,20,"[33, 73, 19, 86, 82]",voucher,47.03,2025-02-19 21:50:26
422,20,"[31, 33, 34, 87]",online,58.6,2024-07-10 01:37:13
423,3,"[25, 85, 67, 86, 66]",cash,54.34,2024-03-21 12:55:57
424,15,[71],cash,8.93,2023-12-22 09:54:36
425,8,"[45, 79]",voucher,38.47,2023-10-26 13:36:41
426,18,"[18, 64, 60, 38, 90]",online,56.15,2024-02-18 22:34:35
427,12,"[82, 47, 28]",cash,30.17,2024-02-02 15:47:55
428,14,"[70, 23, 76]",card,41.53,2024-09-12 15:23:00
429,18,"[36, 67]",voucher,26.27,2023-11-16 09:18:09
430,16,"[48, 64, 69, 27]",cash,32.66,2024-05-28 15:09:14
431,18,"[88, 68, 65, 34]",cash,30.75,2024-03-24 06:13:22
432,12,"[59, 59, 52, 42]",online,37.56,2025-04-19 00:43:12
433,9,"[38, 33, 76]",card,52.02,2024-11-08 16:58:24
434,11,[61],card,19.07,2023-12-22 22:16:15
435,9,"[28, 21, 83, 28]",voucher,46.27,2023-11-27 23:59:07
436,7,"[37, 19]",online,24.27,2024-06-26 15:47:50
437,18,"[57, 29, 22, 39, 77]",cash,48.72,2023-10-14 14:45:13
438,14,"[67, 32, 48, 19, 21]",voucher,59.62,2023-11-14 08:39:04
439,15,"[69, 22, 47]",voucher,32.08,2023-07-03 16:28:06
440,19,"[71, 64, 26, 69, 46]",voucher,51.02,2023-07-16 19:32:44
441,8,"[58, 86, 54, 74]",card,39.86,2024-08-08 08:18:17
442,16,"[76, 32]",cash,25.34,2024-11-06 00:11:17
443,10,"[30, 39, 87, 27]",online,31.38,2024-04-13 02:49:44
444,15,"[3, 24, 77, 3]",card,32.07,2023-09-24 12:16:17
445,16,"[22, 18, 89, 59]",online,37.52,2023-04-26 17:33:14
446,12,[76],card,11.67,2024-10-13 02:19:49
447,7,"[49, 48, 21]",cash,29.16,2023-05-21 16:01:27
448,8,[20],voucher,15.12,2025-01-09 23:12:19
449,9,"[75, 88]",online,14.97,2024-12-22 02:33:35
450,12,"[59, 54]",voucher,20.93,2024-06-09 12:02:27
451,16,"[86, 51, 79]",cash,36.08,2025-02-15 01:49:55
452,13,"[74, 31, 77, 28]",cash,59.0,2024-11-03 04:57:11
453,7,[87],voucher,3.46,2023-04-28 02:37:11
454,19,"[50, 20, 44]",voucher,45.8,2023-12-26 04:37:43
455,13,"[33, 64]",card,28.12,2023-06-04 06:50:02
456,19,"[51, 45]",online,29.64,2025-01-28 23:23:22
457,9,[38],card,19.75,2024-11-22 20:05:16
458,10,"[50, 84, 24]",card,20.48,2023-11-01 18:51:19
459,17,"[72, 83, 77, 22]",card,41.89,2023-12-03 05:12:50
460,8,"[79, 45, 85, 35]",online,57.37,2024-04-15 23:03:07
461,17,"[89, 26, 25, 82, 46]",voucher,46.38,2023-09-05 20:33:29
462,7,"[72, 9]",online,17.95,2024-01-15 20:04:13
463,3,"[88, 58, 20, 37, 89]",card,55.72,2024-09-02 11:33:48
464,3,"[76, 28, 42]",voucher,30.89,2024-12-04 18:31:26
465,15,[32],card,13.67,2024-07-10 08:58:24
466,8,"[80, 33]",cash,22.84,2024-10-19 11:10:49
467,3,"[74, 89]",online,24.61,2023-06-25 14:22:44
468,9,"[54, 39, 64, 56]",voucher,34.04,2023-04-23 23:58:27
469,12,"[60, 59, 55, 49, 63]",online,49.02,2024-10-13 00:02:54
470,9,"[51, 85, 47, 87]",online,31.49,2023-12-08 18:34:21
471,9,"[41, 36, 88, 23, 32]",voucher,38.6,2024-03-04 21:14:01
472,10,"[62, 46, 78]",cash,33.76,2023-10-09 20:16:34
473,20,"[40, 31, 59, 68, 39]",voucher,65.76,2023-10-30 02:00:14
474,16,"[89, 49, 70, 87, 56]",online,52.68,2024-12-30 16:05:07
475,9,"[76, 45]",cash,33.43,2024-08-23 10:50:39
476,7,"[24, 76, 28, 64, 22]",card,45.78,2024-10-17 02:05:54
477,8,"[30, 32, 41, 45, 89]",cash,64.24,2025-01-21 21:25:44
478,14,"[87, 65, 59]",cash,20.09,2025-03-29 15:19:20
479,12,"[25, 63, 23]",voucher,20.53,2023-08-27 11:14:38
480,20,[57],voucher,8.81,2023-05-20 21:36:02
481,13,"[83, 52, 50]",voucher,20.79,2023-09-26 02:58:16
482,3,"[71, 27, 21, 22, 79]",cash,58.8,2024-10-08 21:45:17
483,3,"[66, 19]",card,15.84,2023-09-06 22:03:21
484,15,"[75, 22, 69, 55, 79]",card,54.34,2025-02-20 02:41:36
485,18,"[55, 41, 45]",voucher,36.79,2024-10-18 04:59:13
486,19,"[90, 46, 54, 29]",online,35.08,2025-01-15 22:30:52
487,15,"[25, 71]",voucher,13.38,2023-10-30 10:54:38
488,14,"[26, 32, 78, 67]",online,53.07,2023-10-18 13:11:39
489,3,"[52, 28, 37, 31]",card,54.98,2024-12-27 16:53:58
490,16,[59],voucher,11.16,2024-08-12 01:39:09
491,9,"[75, 76, 59]",card,33.6,2025-04-01 20:13:20
492,3,"[90, 48, 30]",voucher,24.13,2024-02-17 05:39:39
493,8,[80],online,2.24,2025-02-01 12:44:04
494,9,"[72, 53]",cash,21.54,2025-03-24 10:48:06
495,20,"[22, 43]",cash,27.04,2024-02-15 15:32:52
496,7,[72],voucher,7.95,2025-01-02 03:47:22
497,20,"[48, 60, 62]",voucher,29.18,2023-07-22 05:52:37
498,9,"[73, 64, 60]",online,23.17,2024-03-16 13:20:03
499,11,"[84, 71, 87, 73, 88]",online,27.06,2023-11-18 15:08:41
500,16,"[58, 18, 35]",cash,22.0,2023-09-13 13:35:23
501,16,"[68, 67, 47]",online,34.8,2023-09-03 19:19:40
502,10,"[62, 41, 39, 85]",card,38.74,2023-11-26 01:58:12
503,10,"[66, 67]",voucher,29.96,2023-07-07 17:58:28
504,10,"[39, 43, 70, 22, 79]",online,79.8,2023-10-04 15:52:14
505,7,"[52, 88, 40, 60, 72]",card,54.23,2025-01-05 16:15:41
506,10,"[38, 34, 85, 25]",card,49.71,2023-12-24 15:35:14
507,15,"[63, 34, 73, 53]",online,44.35,2024-09-20 02:38:16
508,15,"[79, 27, 53]",online,38.31,2024-04-21 19:49:41
509,13,"[66, 68, 46, 73, 77]",voucher,47.82,2025-01-26 01:31:07
510,20,"[65, 44]",cash,30.22,2024-06-18 02:38:01
511,3,[44],online,24.75,2024-12-14 16:24:54
512,10,"[52, 35, 72, 52]",cash,32.63,2024-10-17 15:57:53
513,11,[69],cash,11.56,2024-07-29 09:13:51
514,7,"[37, 87, 63, 24, 41]",cash,49.08,2024-09-12 06:28:45
515,15,[51],voucher,7.88,2023-10-10 13:26:38
516,15,"[59, 43, 79, 73, 22]",card,57.52,2023-12-18 19:44:25
517,7,"[81, 37]",online,39.31,2023-07-25 11:11:52
518,9,"[30, 79, 66, 23]",card,41.31,2024-06-10 08:12:25
519,15,"[24, 47, 59, 55, 48]",cash,41.62,2024-11-30 16:15:05
520,9,"[81, 30, 67, 89]",online,59.35,2024-08-06 19:36:08
521,14,"[50, 27, 70]",online,38.8,2025-03-09 00:06:16
522,9,"[64, 9]",online,17.52,2023-07-02 11:49:34
523,19,[9],cash,10,2024-06-23 05:56:00
524,12,"[82, 86, 20, 73, 54]",cash,46.36,2023-12-22 21:23:24
525,7,[43],online,18.23,2024-02-09 08:30:39
526,20,"[75, 77, 31, 72]",card,53.57,2025-01-06 12:19:38
527,8,"[39, 50, 57]",cash,25.93,2024-08-07 18:04:22
528,13,"[67, 34, 37]",voucher,55.46,2024-01-13 08:14:30
529,11,"[73, 69, 82, 24, 45]",cash,49.99,2025-03-07 02:28:06
530,8,"[64, 44, 61]",cash,51.34,2024-10-31 19:13:31
531,12,"[66, 79]",voucher,27.59,2025-04-03 14:52:37
532,18,"[26, 74]",voucher,23.13,2025-02-13 16:42:36
533,3,"[34, 84, 30, 61, 51]",voucher,60.6,2023-11-13 06:04:50
534,20,"[48, 75, 71, 43, 56]",online,49.06,2023-05-12 13:08:39
535,15,"[68, 59]",card,15.17,2025-03-15 05:25:17
536,12,"[24, 41, 88, 61, 83]",online,46.25,2023-09-08 15:40:48
537,12,"[72, 44, 39, 62, 62]",online,65.03,2023-11-15 10:32:42
538,9,[57],online,8.81,2023-05-16 16:21:43
539,3,"[29, 3, 68, 43, 75]",cash,39.54,2024-03-21 03:25:13
540,16,"[50, 41, 64, 73]",online,24.6,2023-07-08 06:27:01
541,8,"[63, 31, 27, 19, 35]",card,51.98,2024-01-06 02:06:40
542,13,"[89, 61, 54, 74, 71]",online,62.38,2023-06-28 13:09:38
543,11,"[49, 27, 41, 69]",online,35.36,2023-05-19 14:31:31
544,13,"[66, 60, 57]",online,32.73,2024-12-03 20:08:16
545,11,"[86, 65]",card,16.96,2024-01-04 17:55:25
546,11,[67],voucher,19.08,2023-12-30 01:37:55
547,15,"[19, 90]",voucher,14.8,2023-12-04 10:19:56
548,14,[82],card,7.37,2024-02-25 15:50:08
549,13,[40],card,21.93,2023-08-11 04:07:56
550,13,"[38, 18, 54, 22]",cash,44.33,2024-03-06 16:54:14
551,13,"[19, 61]",voucher,24.03,2024-06-28 06:44:06
552,11,"[51, 60]",voucher,20.92,2024-12-12 05:28:23
553,20,[19],cash,4.96,2024-12-10 14:02:56
554,16,"[37, 85, 75, 87, 30]",voucher,50.7,2023-06-01 21:59:56
555,15,[50],online,5.93,2023-05-24 12:40:19
556,20,"[36, 57, 38, 85, 23]",voucher,49.19,2023-07-21 04:18:27
557,20,[64],online,7.52,2025-03-05 07:33:04
558,17,[42],voucher,8.13,2024-09-07 18:47:33
559,14,"[78, 67, 78, 44, 20]",voucher,79.45,2024-07-23 21:49:26
560,18,"[25, 78, 45]",voucher,36.46,2024-03-03 14:56:31
561,19,"[84, 69, 53]",online,33.01,2023-11-25 12:44:57
562,8,"[43, 63, 45, 43]",card,69.3,2023-08-17 11:19:09
563,19,"[75, 86, 62, 70, 32]",card,71.36,2023-09-19 09:22:24
564,3,"[50, 88, 20, 61, 85]",card,52.76,2023-12-25 19:07:58
565,12,"[20, 89, 67, 86, 72]",voucher,65.19,2024-09-14 14:04:27
566,20,[89],online,11.55,2025-01-01 14:59:07
567,11,"[9, 90, 48]",cash,25.41,2025-03-04 05:20:58
568,9,"[78, 71, 51, 27]",cash,35.07,2023-10-15 00:15:03
569,17,"[67, 18, 51]",online,32.96,2024-08-06 06:14:08
570,20,"[38, 87, 35, 63, 76]",online,56.42,2024-09-20 05:11:47
571,7,"[64, 19, 36, 41]",online,28.21,2025-03-21 10:16:49
572,18,"[74, 28]",cash,24.15,2023-05-18 02:56:16
573,11,"[24, 55, 20, 70, 70]",online,78.02,2024-10-03 20:45:02
574,19,"[77, 82, 76, 37, 19]",voucher,60.69,2024-08-25 20:38:26
575,11,"[22, 83, 48, 35]",cash,32.59,2024-08-25 07:16:14
576,20,"[67, 69, 23, 48, 26]",cash,51.28,2024-06-30 17:09:56
577,9,[67],card,19.08,2023-11-07 09:51:04
578,17,"[70, 30, 45, 65, 63]",card,71.89,2025-03-23 05:48:56
579,18,[59],card,11.16,2024-08-03 03:07:28
580,14,"[89, 82, 77, 33, 63]",voucher,67.98,2025-03-28 21:53:51
581,16,"[73, 61]",online,21.68,2024-02-27 22:41:04
582,7,"[64, 86, 40, 39]",voucher,52.13,2025-03-18 07:56:41
583,7,"[34, 77, 47, 43, 52]",online,71.5,2024-02-10 06:45:06
584,20,"[85, 23, 41]",voucher,21.98,2023-08-21 08:20:45
585,11,[59],card,11.16,2023-12-10 17:43:29
586,10,"[53, 75, 25]",online,28.81,2023-08-12 22:44:48
587,8,"[26, 20, 47]",cash,36.9,2024-07-18 15:00:03
588,7,[66],online,10.88,2023-11-23 23:03:13
589,18,"[56, 30, 83, 41, 86]",cash,42.06,2023-11-30 07:52:30
590,8,"[57, 46, 44, 44]",online,71.25,2024-01-19 03:46:58
591,13,"[63, 61, 83]",cash,37.9,2024-02-03 11:59:43
592,8,"[48, 64, 25, 51]",cash,25.42,2024-07-17 09:15:51
593,12,"[37, 48, 68]",online,28.89,2024-10-28 02:16:57
594,17,[83],card,7.75,2024-12-17 05:04:10
595,17,[48],cash,5.57,2024-04-13 00:32:41
596,9,"[9, 71, 78, 43]",voucher,47.41,2024-02-24 23:35:47
597,20,"[75, 80, 70]",card,37.87,2025-02-26 05:22:02
598,19,"[57, 85, 86, 33, 27]",online,57.35,2023-09-11 11:23:39
599,9,"[68, 60, 86, 88]",online,32.74,2024-07-27 10:02:32
600,9,"[59, 79, 64, 28]",voucher,46.48,2025-02-28 19:18:56
601,3,"[37, 9, 24]",online,36.0,2023-11-08 00:09:51
602,7,"[42, 34]",voucher,25.2,2023-08-01 07:42:59
603,15,"[33, 21]",cash,36.94,2023-08-11 08:04:43
604,7,"[21, 20]",cash,31.46,2023-05-27 17:16:45
605,19,"[62, 42, 28, 18, 82]",card,43.16,2023-08-02 20:49:15
606,8,[19],online,4.96,2023-05-20 03:14:13
607,13,"[74, 73, 19]",voucher,20.63,2024-01-12 00:24:01
608,10,[79],online,16.71,2023-04-23 16:03:37
609,18,"[86, 52, 30, 80]",cash,29.56,2024-04-08 01:19:25
610,13,"[20, 37, 86, 26]",card,55.99,2023-04-30 06:30:33
611,13,[33],online,20.6,2024-04-24 16:05:56
612,14,"[58, 25, 73]",cash,12.6,2024-06-16 01:32:02
613,14,[52],cash,7.11,2024-09-05 23:40:12
614,11,"[66, 23, 86]",cash,27.37,2024-04-09 21:36:00
615,16,"[54, 34, 88]",voucher,31.04,2023-07-26 02:18:09
616,17,"[76, 75]",online,22.44,2024-08-18 04:53:20
617,17,"[57, 41]",cash,17.35,2023-12-03 03:06:06
618,15,[20],card,15.12,2025-01-02 19:47:59
619,7,"[52, 90, 29, 82, 65]",voucher,32.32,2023-04-24 17:05:50
620,13,"[30, 90, 88, 65, 86]",cash,39.72,2024-11-24 00:17:02
621,14,"[87, 3]",card,7.46,2024-04-27 01:24:53
622,16,"[30, 19, 40, 71]",card,44.54,2024-11-26 15:41:47
623,13,[20],online,15.12,2023-07-28 11:41:00
624,20,[73],voucher,2.61,2023-05-23 19:50:28
625,12,"[73, 24, 89, 52, 48]",cash,33.53,2024-09-08 00:23:06
626,18,"[76, 52, 68, 81, 61]",card,61.86,2024-07-01 16:01:44
627,3,"[34, 70]",online,41.93,2024-02-05 11:20:20
628,20,"[88, 77, 61]",online,40.65,2023-10-14 10:13:20
629,3,[20],card,15.12,2024-09-29 00:38:40
630,16,"[25, 85]",voucher,12.89,2025-01-23 21:31:50
631,12,"[42, 76, 19, 66, 54]",voucher,45.41,2024-06-30 07:47:07
632,7,"[50, 35, 22, 41, 43]",voucher,51.97,2023-09-05 16:53:25
633,15,"[81, 24, 44, 45, 77]",online,90.58,2023-05-14 18:58:34
634,13,"[69, 38, 85, 51]",cash,47.63,2023-11-13 14:14:00
635,15,"[67, 38, 89, 53, 62]",voucher,74.54,2023-10-10 11:45:30
636,3,"[34, 73, 35, 85, 74]",card,51.64,2024-09-25 21:32:58
637,14,"[65, 39, 35]",cash,27.12,2024-04-29 12:15:35
638,20,"[34, 60]",voucher,30.11,2023-05-03 21:17:15
639,14,[53],cash,13.59,2023-11-20 16:01:15
640,18,"[38, 46, 61]",cash,51.76,2024-08-10 21:41:52
641,10,"[73, 75, 28, 47]",online,36.18,2023-06-28 23:28:41
642,18,"[81, 74, 32, 9]",online,56.73,2024-03-03 05:29:44
643,20,"[77, 33, 70]",card,62.84,2023-10-10 15:47:52
644,19,"[79, 35, 26, 47]",voucher,48.95,2025-03-31 03:20:25
645,15,"[68, 33, 44, 43, 49]",card,74.84,2023-11-25 07:40:20
646,9,"[49, 85, 80]",cash,17.93,2023-06-07 13:57:26
647,14,"[88, 40]",cash,26.13,2023-08-10 10:24:58
648,17,"[77, 34, 65, 25, 3]",card,48.37,2023-12-01 17:25:17
649,17,"[61, 25, 69, 9]",online,45.08,2024-04-06 02:13:52
650,8,"[86, 38]",online,31.24,2023-05-29 06:24:24
651,8,"[3, 21, 75]",cash,31.11,2024-12-24 12:11:16
652,15,"[67, 80, 67, 49, 85]",online,56.09,2024-11-15 12:20:59
653,9,"[73, 19, 31, 70, 42]",voucher,58.03,2025-02-08 01:47:18
654,9,"[51, 64]",voucher,15.4,2023-05-09 22:50:28
655,13,"[63, 78, 85]",card,29.77,2024-07-21 04:43:46
656,13,"[68, 38, 90, 89, 3]",voucher,49.15,2025-03-17 22:18:25
657,14,"[32, 83, 77, 46]",cash,51.74,2024-02-27 22:39:23
658,14,"[51, 43]",online,26.11,2023-11-02 16:13:08
659,12,"[69, 28, 77, 25]",voucher,44.48,2024-05-31 23:23:53
660,12,"[53, 45, 66, 30, 34]",voucher,72.02,2023-05-19 03:40:14
661,10,"[36, 25, 24]",voucher,18.33,2024-06-21 06:07:15
662,19,"[32, 24]",card,20.36,2023-09-23 14:52:46
663,13,"[87, 73]",online,6.07,2025-01-03 03:55:28
664,19,"[18, 37, 75, 75]",voucher,46.85,2024-09-25 13:38:45
665,20,"[90, 63, 25, 58, 54]",online,40.68,2025-02-10 17:18:04
666,9,[40],card,21.93,2024-10-09 21:40:49
667,12,[79],cash,16.71,2024-01-26 11:38:06
668,13,"[61, 63, 52, 82]",online,44.63,2025-04-04 17:52:33
669,12,"[71, 70, 79]",online,50.5,2023-08-07 03:05:24
670,18,"[59, 70, 90, 38, 73]",cash,68.22,2023-12-15 11:35:39
671,18,"[81, 25]",cash,24.45,2024-11-03 14:35:23
672,15,"[47, 55, 78, 21, 58]",online,50.33,2023-12-07 10:00:32
673,11,"[76, 42, 87]",voucher,23.26,2025-03-31 02:21:08
674,17,"[48, 87]",online,9.03,2024-03-29 06:21:25
675,12,[54],card,9.77,2024-03-16 22:05:23
676,10,"[53, 56, 34, 31]",online,53.69,2025-02-04 12:51:20
677,3,[52],cash,7.11,2024-08-18 00:53:08
678,19,"[31, 65]",online,22.94,2025-03-31 13:51:12
679,14,[47],online,11.71,2025-02-12 18:06:08
680,12,"[67, 59]",cash,30.24,2023-07-02 23:09:16
681,10,"[63, 39, 3, 85, 73]",cash,37.32,2024-02-08 05:12:56
682,14,"[86, 65, 46, 3]",online,33.9,2025-01-21 13:27:46
683,7,"[31, 51, 47, 89, 90]",online,58.45,2024-03-20 03:58:09
684,8,"[41, 64, 27]",cash,24.07,2024-06-20 10:13:53
685,7,[74],card,13.06,2025-01-15 04:41:54
686,10,"[45, 54, 37, 26]",online,60.91,2023-06-08 01:30:21
687,9,"[18, 61, 42]",cash,33.2,2024-05-13 15:57:50
688,17,"[38, 54]",card,29.52,2023-11-10 22:56:45
689,7,"[34, 80, 9]",online,29.31,2025-01-07 08:08:19
690,19,"[74, 22, 61]",voucher,40.94,2024-12-18 14:23:36
691,15,"[89, 57, 76, 35]",online,42.49,2025-02-21 21:28:15
692,14,[90],voucher,9.84,2024-02-04 19:10:02
693,16,"[57, 83, 63]",online,27.64,2023-09-16 18:55:18
694,20,[19],voucher,4.96,2024-11-25 05:34:53
695,15,"[85, 26, 54, 48, 87]",online,37.31,2024-02-23 00:47:26
696,10,[54],online,9.77,2023-05-07 12:04:07
697,3,"[68, 58, 45]",cash,31.31,2024-06-01 04:24:48
698,7,[32],online,13.67,2024-12-23 13:54:00
699,10,"[68, 46, 85]",card,25.39,2023-05-03 04:26:10
700,14,"[18, 32, 20]",voucher,34.79,2024-08-02 16:25:56
701,18,"[58, 27, 60, 31, 78]",online,54.31,2023-10-19 18:56:53
702,7,[65],cash,5.47,2023-10-31 02:48:07
703,14,"[90, 68, 40, 65, 63]",card,52.33,2025-03-12 22:13:59
704,20,"[45, 82, 53]",online,42.72,2023-07-19 18:30:26
705,3,"[73, 72]",voucher,10.56,2025-03-25 15:50:38
706,18,"[46, 32]",card,26.61,2024-04-11 19:39:02
707,14,"[81, 35]",online,30.46,2023-12-16 06:16:56
708,15,"[28, 33, 62, 41]",voucher,50.8,2024-12-31 23:28:56
709,17,"[62, 67, 50]",cash,35.58,2023-08-27 00:25:34
710,16,"[58, 47, 58, 44]",card,47.54,2024-06-01 06:24:45
711,17,"[46, 83, 48, 49, 88]",card,37.71,2023-12-02 07:57:13
712,10,"[85, 46, 47, 35, 74]",card,56.61,2024-01-24 04:29:28
713,13,"[20, 71, 53]",cash,37.64,2023-07-22 18:42:12
714,20,"[56, 55, 68, 82, 79]",voucher,40.14,2024-08-25 13:39:50
715,16,"[73, 58, 79, 59]",cash,36.02,2025-03-01 03:15:00
716,8,[35],card,10.46,2024-06-04 04:54:11
717,9,"[28, 81]",cash,31.09,2023-11-03 06:09:29
718,16,"[33, 21, 83]",online,44.69,2024-04-12 00:49:29
719,12,"[61, 28]",voucher,30.16,2025-02-19 15:50:13
720,19,"[23, 77]",voucher,22.38,2023-05-20 11:11:03
721,17,"[40, 53, 54, 68, 50]",cash,55.23,2024-05-27 04:56:28
722,12,"[50, 25, 35, 38, 71]",voucher,49.52,2024-11-03 00:02:07
723,13,[39],cash,11.19,2024-08-12 13:46:01
724,11,[88],voucher,4.2,2023-11-27 23:47:14
725,15,"[59, 88, 73, 53, 42]",card,39.69,2025-01-26 08:02:50
726,16,"[85, 51, 34]",cash,33.39,2023-06-13 09:14:56
727,3,"[67, 82, 21, 87, 67]",online,65.33,2023-07-26 17:53:38
728,19,[88],voucher,4.2,2024-05-20 02:12:52
729,19,"[42, 69]",voucher,19.69,2023-08-16 00:54:29
730,18,"[66, 55, 58]",voucher,22.91,2024-04-14 02:36:57
731,11,"[58, 23, 84, 64]",online,25.92,2024-12-30 12:58:33
732,20,"[83, 3, 20, 18]",cash,32.87,2024-06-20 15:34:57
733,11,[73],online,2.61,2024-07-17 08:22:35
734,11,[56],online,5.56,2025-01-14 06:52:43
735,13,[27],online,8.01,2023-09-17 17:11:00
736,9,[46],voucher,12.94,2025-01-29 17:44:45
737,20,"[88, 54, 65, 85]",online,27.88,2023-09-30 06:55:04
738,19,[19],card,4.96,2023-11-11 14:19:07
739,14,"[60, 70, 68, 56, 58]",card,53.01,2023-11-25 18:32:42
740,10,"[18, 45, 45]",cash,49.52,2024-09-15 14:55:21
741,7,"[50, 88, 18]",online,16.13,2025-03-01 03:17:12
742,19,[39],online,11.19,2024-09-30 21:33:43
743,7,"[55, 20, 45, 29, 90]",online,55.74,2023-12-14 05:10:18
744,9,"[65, 82, 27, 18]",card,26.85,2025-01-25 16:46:02
745,19,"[61, 24]",cash,25.76,2024-07-29 02:45:35
746,8,"[43, 25, 40]",card,44.61,2024-08-17 09:08:32
747,11,"[62, 65, 73, 41]",card,27.19,2025-02-18 21:22:20
748,7,[66],cash,10.88,2023-09-11 02:12:38
749,16,"[3, 85, 61]",cash,31.51,2025-02-01 16:50:39
750,16,"[89, 63, 33, 59, 24]",cash,61.08,2024-06-28 22:28:31
751,17,"[26, 38]",card,29.82,2023-11-11 09:47:46
752,20,[20],voucher,15.12,2023-08-13 21:39:12
753,12,"[34, 27, 36, 45]",voucher,54.03,2024-02-26 04:34:10
754,18,"[63, 28]",card,22.17,2023-07-06 12:20:49
755,8,"[22, 56, 36, 60]",cash,34.6,2025-01-17 09:02:59
756,13,[65],cash,5.47,2025-03-15 00:39:32
757,19,"[34, 77]",online,34.45,2023-12-04 04:15:08
758,14,"[22, 65, 87]",online,17.74,2023-05-15 03:45:14
759,13,"[23, 39]",cash,16.19,2025-02-02 15:40:07
760,17,"[83, 22]",online,16.56,2024-10-04 23:06:00
761,17,"[85, 71, 50, 40, 52]",cash,52.34,2023-12-28 05:03:05
762,9,"[55, 9, 50, 88, 86]",cash,38.11,2023-04-29 18:42:48
763,20,"[73, 24, 81, 59]",voucher,40.46,2025-02-19 10:51:08
764,11,"[78, 21, 3]",voucher,30.59,2023-09-07 04:58:21
765,20,"[71, 58, 71, 37]",card,42.71,2024-12-01 13:42:08
766,20,"[57, 48]",cash,14.38,2023-06-06 13:41:35
767,18,"[59, 38, 45, 64, 67]",cash,79.27,2023-07-29 12:02:53
768,12,"[36, 72]",cash,15.14,2023-07-09 20:07:57
769,9,[69],online,11.56,2023-10-20 16:28:28
770,18,[69],online,11.56,2025-04-17 15:20:28
771,11,"[70, 80, 64, 9]",card,44.62,2024-02-17 02:21:37
772,12,[35],card,10.46,2023-10-30 14:04:22
773,16,[75],voucher,10.77,2023-08-26 12:23:37
774,19,"[38, 21]",online,36.09,2024-01-30 19:15:00
775,10,"[43, 30]",voucher,26.95,2024-08-07 22:12:36
776,8,[42],cash,8.13,2023-08-13 19:51:46
777,15,"[49, 42]",voucher,15.38,2024-06-27 16:40:56
778,14,"[20, 87, 62]",cash,29.15,2023-10-03 23:11:11
779,12,"[42, 52, 43, 39]",cash,44.66,2024-05-15 14:12:26
780,16,"[86, 72, 57]",cash,28.25,2023-07-11 03:30:36
781,7,"[63, 34, 33]",card,48.75,2024-09-04 22:20:54
782,8,"[23, 82, 19, 54, 19]",online,32.06,2024-12-15 12:30:08
783,13,"[44, 82, 23, 66]",card,48.0,2023-10-03 04:29:37
784,11,"[18, 24, 85, 29]",online,23.66,2024-02-20 15:47:34
785,18,"[83, 58]",online,13.29,2024-01-01 20:14:58
786,10,"[71, 37, 20]",cash,43.36,2025-03-22 16:56:56
787,3,"[30, 27, 51, 57, 57]",cash,42.23,2025-04-10 02:21:33
788,19,"[71, 39, 62, 27]",voucher,38.7,2023-08-14 02:27:18
789,13,"[62, 43, 84]",card,36.66,2023-06-12 16:05:55
790,9,"[50, 55]",online,12.42,2024-01-19 07:53:01
791,14,"[62, 29, 44, 44]",cash,62.6,2024-02-14 02:25:01
792,7,"[45, 28, 65, 83, 52]",card,53.18,2023-07-18 18:09:51
793,16,[82],online,7.37,2025-03-04 15:09:34
794,16,"[23, 50]",cash,10.93,2023-09-05 13:11:48
795,9,"[48, 83, 31]",voucher,30.79,2025-02-15 20:32:10
796,14,[49],online,7.25,2024-12-02 14:07:23
797,11,"[33, 28, 86, 54]",cash,52.95,2023-12-27 13:39:28
798,16,"[26, 90]",voucher,19.91,2023-06-20 08:46:41
799,7,"[70, 84, 38]",cash,52.47,2023-10-14 11:12:34
800,10,[43],voucher,18.23,2024-12-04 16:46:59
801,18,"[9, 42]",voucher,18.13,2023-12-23 18:33:01
802,20,[53],card,13.59,2023-11-24 02:33:06
803,19,"[58, 54, 73]",voucher,17.92,2023-12-17 22:54:39
804,9,[62],card,10.57,2025-04-17 00:35:36
805,17,"[76, 64, 30, 54, 79]",cash,54.39,2024-06-20 09:53:04
806,3,"[19, 72]",cash,12.91,2024-11-06 22:27:34
807,17,"[71, 21, 49, 9, 45]",cash,64.28,2024-05-24 09:47:47
808,10,"[9, 77, 38, 77]",cash,64.51,2023-11-13 08:03:12
809,19,"[20, 31, 64, 89, 79]",voucher,68.37,2024-09-28 03:44:30
810,17,[29],card,2.53,2025-01-29 17:09:05
811,19,"[86, 86, 80]",online,25.22,2024-03-01 07:42:53
812,7,"[68, 69, 26]",cash,25.64,2024-07-25 19:33:29
813,12,"[24, 54, 79, 90]",voucher,43.01,2025-04-11 06:51:14
814,14,"[40, 35, 85]",cash,40.83,2023-11-22 21:59:02
815,8,"[50, 22, 49, 88, 27]",cash,34.2,2024-04-23 20:55:25
816,8,"[54, 55, 80, 82, 9]",online,35.87,2024-09-30 07:03:36
817,19,"[63, 21, 50, 87, 53]",voucher,50.4,2025-01-15 16:44:11
818,17,"[42, 29, 20, 69, 22]",cash,46.15,2024-04-10 07:29:04
819,14,"[61, 59, 42, 40]",card,60.29,2024-08-04 17:01:45
820,8,"[61, 87, 23, 63]",voucher,38.61,2024-02-02 19:03:51
821,8,"[48, 79, 58]",online,27.82,2025-02-18 08:33:48
822,16,[3],card,4,2023-07-18 20:21:34
823,14,"[59, 45, 51]",cash,40.8,2025-02-22 07:13:05
824,9,[83],card,7.75,2025-01-28 03:53:58
825,20,"[26, 9, 22, 84]",voucher,36.74,2023-10-21 08:04:20
826,7,"[19, 33, 30, 26, 79]",voucher,61.06,2024-08-08 02:09:45
827,15,[64],cash,7.52,2024-12-29 23:33:25
828,17,"[24, 43, 23, 34, 78]",voucher,57.24,2023-10-31 05:53:09
829,3,"[40, 62, 28, 90]",card,53.43,2024-12-10 05:03:33
830,10,"[71, 35, 76, 66]",online,41.94,2024-03-21 04:06:25
831,16,[82],card,7.37,2023-06-01 12:17:37
832,14,[78],card,10.25,2023-12-06 19:22:58
833,9,"[19, 89, 43, 79]",voucher,51.45,2023-11-12 15:19:20
834,20,"[45, 88, 29]",card,28.49,2024-06-11 14:56:14
835,10,"[90, 39, 87, 77, 39]",card,53.06,2024-12-23 22:21:56
836,11,"[70, 80, 65, 18, 43]",online,56.8,2024-09-03 07:11:19
837,9,"[41, 66, 21, 86, 43]",cash,65.48,2023-07-05 03:40:11
838,16,"[44, 78, 52]",voucher,42.11,2024-03-14 22:26:09
839,9,"[77, 63]",online,28.46,2024-09-20 12:00:32
840,18,[40],voucher,21.93,2023-09-25 05:00:37
841,12,"[43, 53, 76, 82, 46]",online,63.8,2024-09-06 03:14:14
842,16,[39],online,11.19,2025-03-24 06:23:14
843,9,"[28, 39, 36, 80, 65]",card,37.18,2024-01-07 13:00:50
844,16,[51],card,7.88,2025-02-01 18:21:02
845,8,[66],cash,10.88,2025-03-16 21:51:25
846,3,"[69, 64, 67]",cash,38.16,2024-05-18 12:17:02
847,18,[71],online,8.93,2024-05-25 06:30:28
848,14,"[47, 79, 82, 84, 59]",online,54.81,2024-02-02 10:53:04
849,3,"[27, 40, 33, 39, 47]",online,73.44,2024-09-28 18:09:38
850,3,"[45, 41, 69, 19]",cash,46.82,2024-09-13 13:56:52
851,16,"[40, 61, 57]",voucher,49.81,2025-04-09 08:10:52
852,18,"[56, 76, 60, 59, 44]",cash,66.18,2023-09-03 00:48:31
853,19,[20],voucher,15.12,2023-07-15 15:49:49
854,13,"[20, 77]",cash,32.5,2024-10-22 12:55:19
855,17,"[68, 9, 62, 18]",voucher,30.58,2025-02-10 22:51:47
856,15,[64],card,7.52,2024-03-30 10:57:50
857,7,"[33, 78, 64, 22]",voucher,47.18,2024-02-20 22:54:05
858,16,"[23, 72, 23, 20]",voucher,33.07,2023-08-05 21:06:56
859,15,"[26, 74, 63]",online,34.21,2023-06-09 05:21:58
860,19,"[54, 75, 35, 54, 61]",card,59.84,2025-02-07 20:10:07
861,13,"[86, 79, 89, 85]",online,48.19,2023-08-10 07:54:09
862,19,"[35, 32, 72, 46]",voucher,45.02,2025-02-21 07:48:13
863,16,"[40, 29, 59]",card,35.62,2023-10-16 09:51:25
864,14,"[58, 32, 68, 70]",cash,48.08,2025-04-10 08:22:33
865,11,"[31, 84, 40, 38]",online,67.01,2024-08-02 04:29:28
866,14,"[46, 52, 60]",cash,33.09,2024-11-10 13:58:31
867,10,[48],cash,5.57,2025-04-20 00:35:46
868,19,"[43, 55, 28]",card,35.81,2024-06-05 09:19:37
869,9,"[73, 41, 34, 31]",cash,45.69,2024-11-02 14:00:18
870,8,"[79, 33, 69, 71, 56]",voucher,63.36,2024-12-30 03:31:26
871,17,[69],card,11.56,2024-03-19 09:46:44
872,16,"[38, 34, 30, 30, 23]",cash,59.26,2024-02-19 09:01:04
873,8,"[61, 76, 39, 68, 76]",online,57.61,2023-10-04 07:57:20
874,3,"[53, 19, 73, 3]",online,25.16,2023-11-30 12:59:57
875,16,"[60, 48]",voucher,18.61,2024-10-09 16:45:43
876,19,"[23, 35, 18, 53, 75]",voucher,45.82,2024-01-29 06:16:58
877,11,[49],online,7.25,2025-04-21 19:58:32
878,20,"[28, 9, 23, 52]",online,33.2,2025-02-12 10:25:35
879,3,"[90, 76, 70, 19]",online,51.33,2024-05-21 23:51:31
880,14,"[68, 61, 45, 75, 34]",voucher,72.68,2024-09-14 08:03:27
881,8,"[84, 74, 58, 26]",cash,36.53,2024-07-21 17:41:04
882,14,"[61, 44, 33]",card,64.42,2024-12-23 13:58:13
883,19,"[79, 84, 45]",cash,46.33,2023-09-08 12:53:28
884,20,"[54, 44, 89]",card,46.07,2024-11-09 08:44:48
885,3,"[46, 77]",voucher,30.32,2024-03-16 14:18:17
886,13,"[38, 88, 61, 70]",card,67.88,2024-02-25 00:58:54
887,14,"[52, 58, 21, 85]",card,37.43,2024-08-04 20:30:03
888,14,[20],cash,15.12,2023-06-25 09:08:52
889,19,"[24, 54]",card,16.46,2024-02-15 10:29:06
890,16,"[38, 87]",cash,23.21,2024-12-01 06:11:12
891,17,"[45, 46, 28]",online,45.79,2025-04-15 04:46:34
892,19,"[27, 68]",voucher,12.02,2024-10-23 16:10:08
893,7,[81],cash,20.0,2024-02-04 07:57:18
894,11,"[24, 35, 88]",voucher,21.35,2024-02-02 08:33:02
895,10,"[25, 52, 58, 83, 62]",online,35.42,2024-12-06 00:25:50
896,8,"[38, 65, 39, 54]",voucher,46.18,2024-09-11 15:19:45
897,14,"[38, 73, 48]",voucher,27.93,2024-02-19 10:59:53
898,20,[74],voucher,13.06,2024-06-28 21:38:32
899,10,[73],voucher,2.61,2024-03-13 05:03:06
900,12,[30],cash,8.72,2024-04-12 03:27:38
901,15,"[65, 57, 26, 73]",voucher,26.96,2023-07-28 03:07:58
902,13,"[70, 74]",online,37.92,2024-05-11 04:56:44
903,13,"[90, 51, 26]",voucher,27.79,2023-05-25 00:37:23
904,12,"[20, 24, 85]",card,30.25,2024-01-10 08:15:10
905,14,"[57, 66]",voucher,19.69,2024-08-23 20:04:49
906,17,[29],voucher,2.53,2024-07-25 04:57:12
907,16,"[47, 45, 90, 58, 68]",card,52.86,2023-09-02 03:45:20
908,19,"[63, 22, 60]",online,32.93,2024-11-21 04:39:01
909,7,"[90, 25, 78, 28, 58]",cash,41.17,2024-05-12 06:34:32
910,11,"[60, 36, 84, 81, 37]",cash,67.4,2023-08-01 19:18:35
911,9,"[46, 22, 84, 69, 88]",cash,45.37,2023-08-06 08:15:51
912,20,[88],cash,4.2,2025-01-23 07:24:56
913,16,"[83, 41, 23, 27]",online,29.3,2025-04-12 07:08:38
914,15,"[83, 38, 77, 50]",online,50.81,2023-05-25 04:44:37
915,15,[63],voucher,11.08,2025-02-28 01:24:43
916,20,[90],cash,9.84,2023-11-02 14:03:07
917,17,"[43, 40, 49]",voucher,47.41,2024-03-29 00:44:40
918,3,"[26, 32, 88]",online,27.94,2025-04-16 20:30:56
919,7,"[67, 65, 42, 23, 37]",cash,56.99,2024-04-29 23:46:36
920,17,[68],card,4.01,2024-05-16 03:08:07
921,9,"[52, 42, 84, 78, 71]",card,42.28,2023-12-16 15:00:11
922,16,[69],card,11.56,2025-04-08 11:47:17
923,14,"[24, 18, 83, 81, 67]",online,59.52,2025-01-21 17:07:26
924,9,"[45, 32, 48, 28]",card,52.09,2024-09-07 22:44:26
925,8,"[42, 79, 3, 49, 53]",cash,49.68,2024-07-01 09:50:59
926,10,"[85, 49, 37, 26]",voucher,45.07,2024-10-08 05:00:21
927,18,[73],card,2.61,2023-08-06 21:07:24
928,16,"[39, 26, 85, 64]",voucher,37.22,2024-01-18 16:13:47
929,12,[27],voucher,8.01,2023-05-24 19:04:31
930,9,"[26, 40, 36, 34]",card,56.26,2024-06-07 15:16:04
931,16,[57],cash,8.81,2023-12-08 18:56:14
932,13,[32],card,13.67,2024-01-23 15:08:55
933,8,"[47, 40, 79, 30, 18]",cash,65.07,2024-07-21 10:23:18
934,9,[48],voucher,5.57,2023-11-12 23:08:18
935,17,"[90, 56, 38, 30]",online,43.87,2024-06-03 17:01:13
936,17,"[24, 46, 32]",voucher,33.3,2025-01-03 22:58:06
937,9,[19],cash,4.96,2023-07-31 15:48:40
938,16,"[86, 32, 61, 29]",card,46.76,2023-05-20 05:46:04
939,16,"[73, 21, 45]",voucher,40.71,2023-11-16 16:00:01
940,17,[86],voucher,11.49,2023-11-28 13:44:51
941,12,"[34, 84, 21]",online,41.27,2024-08-31 17:02:19
942,17,[88],voucher,4.2,2024-10-02 19:50:06
943,12,"[48, 19, 90, 64, 84]",voucher,35.75,2023-11-21 03:16:34
944,14,"[68, 22]",cash,12.82,2024-03-06 02:13:47
945,11,"[85, 23, 46, 54, 88]",voucher,40.35,2024-10-03 00:07:41
946,3,[46],card,12.94,2023-08-13 16:38:13
947,8,"[74, 89, 31, 47, 76]",voucher,65.46,2023-06-16 19:13:44
948,20,"[81, 86, 87]",online,34.95,2024-01-09 15:24:08
949,7,"[41, 18, 74, 75]",cash,38.37,2023-09-24 08:26:36
950,3,"[82, 32, 3, 50]",voucher,30.97,2023-11-30 00:15:37
951,7,"[70, 86, 40, 48, 71]",card,72.78,2024-03-13 17:52:05
952,9,"[90, 62, 45, 46, 86]",online,66.6,2023-12-03 13:56:14
953,11,"[80, 82, 59]",card,20.77,2024-07-29 17:22:40
954,7,"[79, 40, 55, 29, 67]",cash,66.74,2024-09-27 07:19:39
955,7,"[87, 22, 38, 22, 33]",cash,61.43,2024-07-15 01:18:41
956,10,"[87, 43, 40]",cash,43.62,2025-03-08 12:51:26
957,17,"[58, 63, 22, 40]",online,47.36,2023-10-07 15:36:08
958,20,"[49, 85, 25, 71]",voucher,29.07,2024-01-27 15:27:04
959,13,"[31, 27]",voucher,25.48,2024-04-02 21:45:53
960,10,[59],cash,11.16,2025-01-26 07:33:32
961,7,[41],online,8.54,2023-05-02 14:37:32
962,13,"[51, 44]",voucher,32.63,2023-07-24 12:47:36
963,19,"[79, 72, 56, 9]",card,40.22,2023-12-26 19:14:30
964,10,"[26, 75, 67]",cash,39.92,2024-01-20 22:53:49
965,9,"[41, 37, 22]",cash,36.66,2023-12-17 11:52:02
966,8,"[50, 43, 78, 64]",online,41.93,2024-05-06 00:29:51
967,12,"[19, 45, 53, 52]",cash,47.42,2025-02-07 09:32:08
968,9,"[35, 20]",card,25.58,2024-03-31 11:39:08
969,11,"[88, 28, 61, 85, 52]",cash,49.91,2023-09-06 10:52:14
970,10,[48],voucher,5.57,2024-05-06 16:11:12
971,10,"[33, 84, 41]",cash,37.0,2024-08-07 18:40:35
972,10,"[26, 32, 88, 34, 45]",voucher,66.77,2025-03-11 17:37:39
973,19,"[71, 20, 75, 39, 59]",voucher,57.17,2023-09-25 05:28:15
974,14,"[59, 61]",online,30.23,2023-10-12 02:56:53
975,16,"[76, 20, 63]",card,37.87,2024-03-29 00:47:09
976,19,"[73, 25, 60, 69]",card,31.66,2024-08-14 12:38:22
977,17,"[45, 20]",voucher,36.88,2025-03-11 11:49:11
978,12,[63],online,11.08,2023-09-19 03:13:39
979,18,"[20, 56, 89, 89, 28]",cash,54.87,2024-05-29 02:14:01
980,18,[55],card,6.49,2025-04-11 16:04:38
981,15,"[52, 81, 72]",online,35.06,2023-11-30 22:30:34
982,7,"[90, 84, 25, 20, 86]",voucher,48.76,2023-07-08 04:29:31
983,3,[34],cash,17.07,2025-04-16 17:54:06
984,7,[46],voucher,12.94,2024-10-21 04:18:04
985,17,"[23, 25, 90]",card,19.29,2023-08-07 00:07:22
986,11,"[46, 42]",card,21.07,2025-02-04 01:16:15
987,8,"[57, 74, 53]",online,35.46,2024-06-24 03:20:59
988,18,"[76, 90, 19, 43]",online,44.7,2024-04-01 01:25:22
989,12,"[73, 29, 9, 75]",card,25.91,2024-01-02 07:42:19
990,15,"[49, 71, 36]",voucher,23.37,2024-02-15 04:09:39
991,15,"[86, 38, 42, 88, 43]",online,61.8,2025-01-29 22:56:05
992,17,"[26, 48, 20, 39, 57]",card,50.76,2023-09-25 10:32:17
993,9,"[58, 61, 59, 26, 47]",online,57.55,2025-01-22 23:06:52
994,9,"[64, 46]",cash,20.46,2023-05-09 10:40:36
995,18,"[51, 20, 64, 40, 60]",voucher,65.49,2024-01-29 00:07:48
996,17,"[80, 21]",cash,18.58,2025-01-17 02:33:32
997,3,"[64, 79, 3, 49, 73]",voucher,38.09,2024-07-18 10:06:08
998,7,"[64, 80, 19, 58]",cash,20.26,2023-11-02 09:21:25
999,20,"[53, 50, 30, 38, 58]",online,53.53,2023-09-26 09:17:29
1000,19,"[59, 77, 64, 63]",voucher,47.14,2024-01-16 00:53:14
1001,12,[20],voucher,15.12,2025-02-03 00:06:22
1002,15,"[59, 50]",online,17.09,2024-03-29 06:29:41
1003,14,"[68, 55, 69, 36, 26]",voucher,39.32,2025-04-17 23:26:44
1004,19,"[57, 53, 39, 73, 61]",card,55.27,2023-07-19 08:14:31
1005,3,"[71, 23, 21, 38, 62]",card,60.59,2023-06-12 18:08:46
1006,18,"[69, 58, 84]",card,24.96,2024-09-01 21:39:42
1007,12,"[89, 50, 34, 72, 24]",online,49.19,2023-09-22 00:45:10
1008,8,"[71, 72, 20]",online,32.0,2023-05-19 22:10:10
1009,12,"[88, 55, 85, 69]",card,30.69,2024-06-22 16:01:07
1010,7,"[24, 37, 59, 88, 64]",voucher,48.88,2024-10-15 20:17:40
1011,17,"[69, 61, 20]",cash,45.75,2023-10-22 17:41:49
1012,15,"[76, 79, 61]",online,47.45,2024-09-12 07:42:25
1013,17,"[30, 61, 65]",voucher,33.26,2023-06-23 03:40:42
1014,16,"[64, 70, 9, 76]",online,54.05,2024-01-19 18:30:33
1015,19,"[42, 48, 49]",card,20.95,2024-12-03 21:16:01
1016,19,[3],cash,4,2023-08-01 08:54:31
1017,10,"[63, 65, 68, 48]",voucher,26.13,2024-11-23 15:42:59
1018,10,[26],card,10.07,2023-12-15 15:37:43
1019,18,"[24, 51, 75]",online,25.34,2023-07-29 07:30:00
1020,3,"[66, 71, 21, 9]",card,46.15,2024-06-25 15:26:19
1021,3,"[39, 9, 89, 50, 45]",online,60.43,2024-04-23 17:17:41
1022,11,"[90, 50, 64, 30]",voucher,32.01,2023-07-24 15:38:56
1023,9,"[21, 29, 50, 43, 33]",card,63.63,2025-02-11 19:26:44
1024,17,[90],online,9.84,2023-05-09 04:36:28
1025,14,"[50, 31]",voucher,23.4,2024-11-23 07:49:06
1026,15,[38],voucher,19.75,2025-01-02 20:00:53
1027,19,"[40, 79]",card,38.64,2023-11-20 02:51:51
1028,20,"[29, 54, 85, 48]",card,26.31,2023-09-28 01:20:56
1029,13,"[23, 33, 3]",online,29.6,2023-12-29 17:51:57
1030,12,"[69, 67, 53, 67]",online,63.31,2024-09-16 17:26:01
1031,12,"[48, 53, 36, 77]",online,43.73,2024-06-09 10:34:22
1032,8,"[89, 24, 3]",online,22.24,2024-12-25 18:19:46
1033,14,"[35, 54]",cash,20.23,2024-11-28 00:07:43
1034,13,"[75, 90, 55]",online,27.1,2024-03-02 18:42:21
1035,19,"[35, 77, 68, 64, 49]",cash,46.62,2023-07-07 17:54:38
1036,20,"[46, 9, 48]",voucher,28.51,2023-10-23 11:31:45
1037,8,"[39, 19, 41, 89, 3]",voucher,40.24,2023-04-26 11:04:47
1038,10,"[84, 27]",voucher,15.87,2023-07-18 05:33:18
